{
    "loss": 15.475674629211426,
    "accuracy": 0.5686274766921997
}