{
    "loss": 31.09148597717285,
    "accuracy": 0.4313725531101227
}